Code,Niche,AF-B,AF-G,CPA
M10B,2,1,1,0
M14F,2,1,1,0
M12A,2,1,1,0
M09F,2,1,1,0
E19A,1,1,1,0
E16A,1,1,1,0
E15A,1,1,1,0
E13A,1,1,1,0
E10A,1,1,1,0
E03A,1,1,1,0
E03B,1,1,1,0
E04V,1,1,1,0
E07C,1,1,1,0
E07D,1,1,1,0
E08B,1,1,1,0
E02A,1,1,1,0
E08A,1,1,1,0
M19B,2,1,1,0
M01A,2,1,1,0
M13A,2,1,1,0
M14E,2,0,0,0
E05B,1,1,1,0
E07A,1,1,0,0
E10B,1,1,1,0
E12A,1,1,1,0
E13B,1,1,1,0
E14B,1,1,1,0
M01H,2,1,0,0
E06B,1,1,1,0
E18A,1,1,1,0
M17A,2,1,1,1
M10D,2,1,1,1
M14D,2,1,1,1
M07D,2,1,1,1
M06B,2,1,0,1
M07B,2,1,1,1
M19G,2,1,1,1
M09A,2,1,1,1
M14C,2,1,1,1
M07A,2,1,1,1
M09C,2,1,1,1
M08A,2,1,1,1
M19F,2,0,0,0
M19C,2,0,0,0
M01K,2,1,0,1
M03D,2,0,0,0
M16B,2,0,0,1
M12B,2,0,0,0
M16G,2,0,0,1
E16B,1,0,0,1
M20E,2,0,0,1
M19A,2,0,0,0
M20I,2,0,0,0
