Isolate,Asp_species,Niche,AFB,AFG,CPA,L,CC,CAMseq
MML16G,oryzae,0,0,0,1,0,1,GACAAGGACGGTGATGGTTAGTACAGTTTATTTATTCCTTCTCCCATCAAATGCGATCAATATGTTTTAGCCGCCATAATTTTATCCAGTTTCTGTTCGATCGGCTGAAGTCTTGGCATTGATGAATTGACTTGATATGCAGGCCAGATCACCACCAAGGAGTTGGGCACTGTCATGCGCTCTCTGGGCCAAAACCCCTCTGAGTCGGAACTCCAGGACATGATTAACGAGGTTGACGCCGACAACAATGGCACCATTGACTTCCCTGGTACGAGACGGCTTCCGTACGATTCATAAATGAAATAGCTGTTAATGTTCAAATAGAGTTCCTGACGATGATGGCGAGAAAGATGAAGGATACCGATTCTTAGGAG
MML19A,oryzae,0,0,0,0,1,1,ATTTGAACACAAGCTGACTTGGCTTTTCTTGGGTTTCCTATAGGACAAGGACGGGGATGGTTAGTACAGTTTATTTATTCATTCTCCCATCAAATGCGATCAATATGTTTTAGCCGCCATAATTTTATCCAGTTTCTGTTCGATCGGCTGAAGTCTTGGCATTGATGAATTGACTTGATATGCAGGCCAGATCACCACCAAGGAGTTGGGCACTGTCATGCGCTCTCTGGGCCAAAACCCCTCTGAGTCGGAACTCCAGGACATGATTAACGAGGTTGACGCCGACAACAATGGCACCATTGACTTCCCTGGTACGAGACGGCTTCCGTACGATTCATAAATGAAATAGCTGTTAATGTTCAAATAGAGTTCCTGACGATGATGGCGAGAAAGATGAAGGATACCGATTCTGAGGAGGAGATCCGGGAGGCTTTCAAGGTTTTCTACCGCGATAACAACGGCTTCATCTCCGCTGCC
MLV12B,oryzae,0,0,0,0,0,1,TTGGTTTTGTTAGTCGTCATGATTTGAACACAAGCTGACTTGGCTTTTCTTGGGTTTCCTATAGGACAAGGACGGTGATGGTTAGTACAGTTTATTTATTCATTCTCCCATCAAATGCGATCAATATGTTTTAGCCGCCATAATTTTATCCAGTTTCTGTTCGATCGGCTGAAGTCTTGGCATTGATGAATTGACTTGATATGCAGGCCAGATCACCACCAAGGAGTTGGGCACTGTCATGCGCTCTCTGGGCCAAAACCCCTCTGAGTCGGAACTCCAGGACATGATTAACGAGGTTGACGCCGACAACAATGGCACCATTGACTTCCCTGGTACGAGACGGCTTCCGTACGATTCATAAATGAAATAGCTGTTAATGTTCAAATAGAGTTCCTGACGATGATGGCGAGAAAGATGAAGGATACCGATTCTGAGGAGGAGATCCGGGAGGCTTTCAAGGTTTTCGACCGCGATAACAACGGCTTCATCTCCGCTGCCGAATTGCGTCACGTCATGACCTCCATCGGCGAGAAGCTTACCGATGACGAAGTTGATGAGATGATCCGCGAGGCGGATCAGGATGGTGACGGCCGGATTGACTGTACGTTTCGCGAAGCCCACCCAGACCCATTGCGGCTGTAAAAATGGTGATACTGACCGATTTTAGACAACGAGTTTGTCCAACTCATGATGCAA
EML16B,oryzae,1,0,0,1,0,1,AGGGGGGTTGGGTTTCGGTTCGTTCGGTGAAATTGGGTTTTGTTAGTCGTCATGATTTGAACACAAGCTGACTTGGCTTTTCTTGGGTTTCCTATAGGACAAGGACGGTGATGGTTAGTACAGTTTATTTATTCATTCTCCCATCAAATGCGATCAATATGTTTTAGCCGCCATAATTTTATCCAGTTTCTGTTCGATCGGCTGAAGTCTTGGCATTGATGAATTGACTTGATATGCAGGCCAGATCACCACCAAGGAGTTGGGCACTGTCATGCGCTCTCTGGGCCAAAACCCCTCTGAGTCGGAACTCCAGGACATGATTAACGAGGTTGACGCCGACAACAATGGCACCATTGACTTCCCTGGTACGAGACGGCTTCCGTACGATTCATAAATGAAATAGCTGTTAATGTTCAAATAGAGTTCCTGACGATGATGGCGAGAAAGATGAAGGATACCGATTCTGAGGAGGAGATCCGGGAGGCTTTCAAGGTTTTCGACCGCGATAACAACGGCTTCATCTCCGCTGCCGAATTGCGCCACGTCATGACCTCCATCGGAAG
MML20I,oryzae,0,0,0,0,0,1,TTTATTTATTCATTCTCCCATCAAATGCGATCAATATGTTTTAGCCGCCATAATTTTATCCAGTTTCTGTTCGATCGGCTGAAGTCTTGGCATTGATGAATTGACTTGATATGCGGGCCAGATCACCACCAAGGAGTTGGGCACTGTCATGCGCTCTCTGGGCCAAAACCCCTCTGAGTCGGAACTCCAGGACATGATTAACGAGGTTGACGCCGACAACAATGGCACCATTGACTTCCCTGGTACGAGACGGCTTCCGTACGATTCATAAATGAAATAGCTGTTAATGTTCAAATAGAGTTCCTGACGATGATGGCGAGAAAGATGAAGGATACCGATTCTGAGGAGGAGATCCGGGAGGCTTTCAAGGTTTTCGACCGCGATAACAACGGCTTCATCTCCGCTGCCGAATTGCGCCACGT
MML20E,oryzae,0,0,0,1,0,1,AAATTGGTTTTGTTAGTCGTCATGATTTGAACACAAGCTGACTTGGCTTTTCTTGGGTTTCCTATAGGACAAGGACGGTGATGGTTAGTACAGTTTATTTATTCATTCTCCCATCAAATGCGATCAATATGTTTTAGCCGCCATAATTTTATCCAGTTTCTGTTCGATCGGCTGAAGTCTTGGCATTGATGAATTGACTTGATATGCAGGCCAGATCACCACCAAGGAGTTGGGCACTGTCATGCGCTCTCTGGGCCAAAACCCCTCTGAGTCGGAACTCCAGGACATGATTAACGAGGTTGACGCCGACAACAATGGCACCATTGACTTCCCTGGTACGAGACGGCTTCCGTACGATTCATAAATGAAATAGCTGTTAATGTTCAAATAGAGTTCCTGACGATGATGGCGAGAAAGATGAAGGATACCGATTCTGAGGAGGAGATCCGGGAGGCTTTCAAGGTTTTCGACCGCGATAACAACGGCTTCATCTCCGCTGCCGAATTGCGTCACGTCATGACCTCCATCGGCGAGAAGCTTACCGATGACGAAGTTGATGAGATGATCCGCGAGGCGGATCAGGATGGTGACGGCCGGATTGACTGTACGTTTCGCGAAGCCCACCCAGACCCATTGCGGCTGTAAAAATGGTGATACTGACCGATTTTAGACAACGAGTTTGTCCAACTCATGATGCAAAA
MML16B,oryzae,0,0,0,1,0,1,GACAAGGACGGTGATGGTTAGTACAGTTTATTTATTCCTTCTCCCATCAAATGCGATCAATATGTTTTAGCCGCCATAATTTTATCCAGTTTCTGTTCGATCGGCTGAAGTCTTGGCATTGATGAATTGACTTGATATGCAGGCCAGATCACCACCAAGGAGTTGGGCACTGTCATGCGCTCTCTGGGCCAAAACCCCTCTGAGTCGGAACTCCAGGACATGATTAACGAGGTTGACGCCGACAACAATGGCACCATTGACTTCCCTGGTACGAGACGGCTTCCGTACGATTCATAAATGAAATAGCTGTTAATGTTCAAATAGAGTTCCTGACGATGATGGCGAGAAAGATGAAGGATACCGATTCTTAGGAG
MKA03D,oryzae,0,0,0,0,0,1,TAGTCGTCATGATTTGAACACAAGCTGACTTGGCTTTTCTTGGGTTTCCTATAGGACAAGGACGGTGATGGTTAGTACAGTTTATTTTATTCATTCTCCCTTCAAATGCGATCAATATGTTTTAGCCGCCATAATTTTATCCAGTTTCTGTTCGATCGGCTGAAGTCTTGGCATTGATGAATTGACTTGATATGCAGGCCAGATCACCACCAAGGAGTTGGGCACTGTCATGCGCTCTCTGGGCCAAAACCCCTCTGAGTCGGAACTCCAGGACATGATTAACGAGGTTGACGCCGACAACAATGGCACCATTGACTTCCCTGGTACGAGACGGCTTCCGTACGATTCATAAATGAAATAGCTGTTAATGTTCAAATAGAGTTCCTTACGATGATGGCGAGAAAGATGAAGGATACCGACTCTGAGGAGGAGATCCGGGAGGCTTTCAAGGTTTTCGACCGCGATAACAACGGCTTCATCTCCGCTGCCGAATTGCGCCACGTTATGA
MKA01K,flavus,0,1,0,1,0,1,TGATTTGAACACAAGCTGACTTGGCTTTTCTTGGGTTTCCTATAGGACAAGGACGGTGATGGTTAGTACAGTTTATTTTATTCATTCTCCCTTCAAATGCGACCAATATGTTTTAGCCGCCATAATTTTATCCAGTTTCTGTTCGATCGGCTGAAGTCTTGGCATTGATGAATTGACTTGATATGCAGGCCAGATCACCACCAAGGAGTTGGGCACTGTCATGCGCTCTCTGGGCCAAAACCCCTCTGAGTCGGAACTCCAGGACATGATTAACGAGGTTGACGCCGACAACAATGGCACCATTGACTTCCCTGGTACGAGACGGCTTCCGTACGATTCATAAATGAAATAGCTGTTAATGTTCAAATAGAGTTCCTGACGATGATGGCGAGAAAGATGAAGGATACCGACTCTGAGGAGGAGATCCGGGAGGCTTTCAAGGTTTTCGACCGCGATAACAACGGCTTCATCTCCGCTGCCGAATTGCGCCACGTTATGACCTCTATCGG
MML19F,flavus,0,0,0,0,1,1,GTTTTGTTAGTCGTCATGATTTGAACACAAGCTGACTTGGCTTTCTTGGGTTTCCTATAGGACAAGGACGGTGATGGTTAGTACAGTTTATTTTATTCATTCTCCCTTCAAATGCGACCAATATGTTTTAGCCGCCATAATTTTATCCAGTTTCTGTTCGATCGGCTGAAGTCTTGGCATTGATGAATTGACTTGATATGCAGGCCAGATCACCACCAAGGAGTTGGGCACTGTCATGCGCTCTCTGGGCCAAAACCCCTCTGAGTCGGAACTCCAGGACATGATTAACGAGGTTGACGCCGACAACAATGGCACCATTGACTTCCCTGGTACGAGACGGCTTCCGTACGATTCATAAATGAAATAGCTGTTAATGTTCAAATAGAGTTCCTGACGATGATGGCGAGAAAGATGAAGGATACCGACTCTGAGGAGGAGATCCGGGAGGCTTTCAAGGTTTTCGACCGCGATAACAACGGCTTCATCTCCGCTGCCGAATTGCGTCACGTCATGACCTCCATCGGCGAGAAGCTTACCGATGACGAAGTTGATGAGATGATCCGCGAGGCGGATCAGGATGGTGACGGCCGGATTGACTGTACGTTTCGCGAAGCCCACCCAGACCCATTGCGGCTGTAAAAATGGTGATACTGACCGATTTTAGACAACGAGTTTGTCCAACTCATGGATGCAAAA
MML19C,flavus,0,0,0,0,1,1,TTTTATTCTTTCTCCCTTCAAATGCGACCAATATGTTTTATCCGCCATCATTTTTTCCAGTTTCTGTTCGATCGGCTGAAGTCTTGGTTTTGATGAATTGACTTGATATGCAGGCCAGATCACCACCAAGGAGTTGGGCACTGTCTTGCGCTCTCTGGGCCAAAACCCCTCTGAGTCGGAACTCCAGGACATGATTAACGAGGTTGACGCCGACAACAATGGCACCATTGACTTCCCTGGTACGAGACGGCTTCCGTACGATTCATAAATGAAATAGCTGTTAATGTTCAAATAGAGTTCCTGACGATGATGGCGAGAAAGATGAAGGATACCGACTCTGAGGAGGAGATCCGGGAGGCTTTCAAGGTTTTCGACCGCGATAACAACGGCTTCATCTCCGCTGCCGAATTGCGTCACGTCATGACCTCCATCGGCGAGAAGCTTACCGATGACGAAGATGATGAGATGATCCGCGAGGCGGATCAGGATGGTGACGGCCGGATTGACTGTACGTTTCGCG
MKZ09C,minisclerotigenes,0,1,1,1,1,0,TAGTCGTCATGATTTGAACACAAGCTGACTTGGCTTTTCTTGGGTTTCCTATAGGACAAGGACGGTGATGGTTAGTACAGTTTATTTTATTCATTCTCCCTTCAAATGCGACCAATATGTTTTAGCCGCCATAATTTTATCCAGTTTCTGTTCGATCGGCTGAAGTCTTGGCATTGATGAATTGACTTGATATGCAGGCCAGATCACCACCAAGGAGCTGGGCACTGTCATGCGCTCTCTGGGCCAAAACCCCTCTGAGTCGGAACTCCAGGACATGATTAACGAGGTTGACGCCGACAACAATGGCACCATTGACTTCCCTGGTACGAGACGGCTTCTGTACGATTCATAAATGAAATAGCTGTTAATGTTCAAATAGAGTTCCTTACGATGATGGCGAGAAAGATGAAGGATACCGACTCTGAGGAGGAGATCCGGGAGGCTTTCAAGGTTTTCGACCGCGATAACAACGGCTTCATCTCCGCTGCCGAATTGCGCCACGTTATGACCTCTATCGG
MKZ08A,minisclerotigenes,0,1,1,1,1,0,TGGTTTTGTTAGTCGTCATGATTTGAACACAAGCTGACTTGGCTTTTCTTGGGTTTCCTATAGGACAAGGACGGTGATGGTTAGTACAGTTTATTTTATTCATTCTCCCTTCAAATGCGACCAATATGTTTTAGCCGCCATAATTTTATCCAGTTTCTGTTCGATCGGCTGAAGTCTTGGCATTGATGAATTGACTTGATATGCAGGCCAGATCACCACCAAGGAGCTGGGCACTGTCATGCGCTCTCTGGGCCAAAACCCCTCTGAGTCGGAACTCCAGGACATGATTAACGAGGTTGACGCCGACAACAATGGCACCATTGACTTCCCTGGTACGAGACGGCTTCTGTACGATTCATAAATGAAATAGCTGTTAATGTTCAAATAGAGTTCCTTACGATGATGGCGAGAAAGATGAAGGATACCGACTCTGAGGAGGAGATCCGGGAGGCTTTCAAGGTTTTCGACCGCGATAACAACGGCTTCATCTCCGCTGCCGAATTGCGCCACGTTATG
MKZ07A,minisclerotigenes,0,1,1,1,1,0,AGTCGTCATGATTTGAACACAAGCTGACTTGGCTTTTCTTGGGTTTCCTATAGGACAAGGACGGTGATGGTTAGTACAGTTTATTTTATTCATTCTCCCTTCAAATGCGACCAATATGTTTTAGCCGCCATAATTTTATCCAGTTTCTGTTCGATCGGCTGAAGTCTTGGCATTGATGAATTGACTTGATATGCAGGCCAGATCACCACCAAGGAGCTGGGCACTGTCATGCGCTCTCTGGGCCAAAACCCCTCTGAGTCGGAACTCCAGGACATGATTAACGAGGTTGACGCCGACAACAATGGCACCATTGACTTCCCTGGTACGAGACGGCTTCTGTACGATTCATAAATGAAATAGCTGTTAATGTTCAAATAGAGTTCCTTACGATGATGGCGAGAAAGATGAAGGATACCGACTCTGAGGAGGAGATCCGGGAGGCTTTCAAGGTTTTCGACCGCGATAACAACGGCTTCATCTCCGCTGCCGAATTGCGCCACGTTATG
MKZ09A,minisclerotigenes,0,1,1,1,1,0,GGTTTTGTTAGTCGTCATGATTTGAACACAAGCTGACTTGGCTTTTCTTGGGTTTCCTATAGGACAAGGACGGTGATGGTTAGTACAGTTTATTTTATTCATTCTCCCTTCAAATGCGACCAATATGTTTTAGCCGCCATAATTTTATCCAGTTTCTGTTCGATCGGCTGAAGTCTTGGCATTGATGAATTGACTTGATATGCAGGCCAGATCACCACCAAGGAGCTGGGCACTGTCATGCGCTCTCTGGGCCAAAACCCCTCTGAGTCGGATGTCCAGGACATGATTAACGAGGTTGACGCCGACAACAATGGCACCATTGACTTCCCTGGTACGAGACGGCTTCTGTACGATTCATAAATGAAATAGCTGTTAATGTTCAAATAGAGTTCCTTACGATGATGGCGAGAAAGATGAAGGATACCGACTCTGAGGAGGAGATCCGGGAGGCTTTCAAGGTTTTCGACC
MLV14C,minisclerotigenes,0,1,1,1,1,0,GTTTTGTTAGTCGTCATGATTTGAACACAAGCTGACTTGGCTTTTCTTGGGTTTCCTATAGGACAAGGACGGTGATGGTTAGTACAGTTTATTTTATTCATTCTCCCTTCAAATGCGACCAATATGTTTTAGCCGCCATAATTTTATCCAGTTTCTGTTCGATCGGCTGAAGTCTTGGCATTGATGAATTGACTTGATATGCAGGCCAGATCACCACCAAGGAGCTGGGCACTGTCATGCGCTCTCTGGGCCAAAACCCCTCTGAGTCGGAACTCCAGGACATGATTAACGAGGTTGACGCCGACAACAATGGCACCATTGACTTCCCTGGTACGAGACGGCTTCTGTACGATTCATAAATGAAATAGCTGTTAATGTTCAAATAGAGTTCCTTACGATGATGGCGAGAAAGATGAAGGATACCGACTCTGAGGAGGAGATCCGGGAGG
MKZ07B,minisclerotigenes,0,1,1,1,1,0,CAAGGACGGTGATGGTTAGTACAGTTTATTTTATTCATTCTCCCTTCAAATGCGACCAATATGTTTTAGCCGCCATAATTTTATCCAGTTTCTGTTCGATCGGCTGAAGTCTTGGCATTCATGAATTGACTTGATATGCAGGCCAGATCACCACCAAGGAGCTGGGCACTGTCATGCGCTCTCTGGGCCAAAACCCCTCTGAGTCGGAACTCCAGGACATGATTAACGAGGTTGACGCCGACAACAATGGCACCATTGACTTCCCTGGT
MML19G,minisclerotigenes,0,1,1,1,1,1,GATTTGAACACAAGCTGACTTGGCTTTTCTTGGGTTTCCTATAGGACAAGGACGGTGATGGTTAGTACAGTTTATTTTATTCATTCTCCCTTCAAATGCGACCAATATGTTTTAGCCGCCATAATTTTATCCAGTTTCTGTTCGATCGGCTGAAGTCTTGGCATTCATGAATTGACTTGATATGCAGGCCAGATCACCACCAAGGAGCTGGGCACTGTCATGCGCTCTCTGGGCCAAAACCCCTCTGAGTCGGAACTCCAGGACATGATTAACGAGGTTGACGCCGACAACAATGGCACCATTGACTTCCCTGGTACGAGACGGCTTCCGTACGATTCATAAATGAAATAGCTGTTAATGTTCAAATAGAGTTCCTTACTATGATGGCGAGAAAGATGAAGGATACCGACTCTGAGGAGGAGATCCGGGAGGCTTTCAAGGTTTTCGACCGCGATAACAACGGCTTCATCTCCGCTGCCG
MKZ06B,minisclerotigenes,0,1,0,1,1,0,ATTTGAACACAAGCTGACTTGGCTTTTCTTGGGTTTCCTATAGGACAAGGACGGTGATGGTTAGTACAGTTTATTTTATTCATTCTCCCTTCAAATGCGACCAATATGTTTTAGCCGCCATAATTTTATCCAGTTTCTGTTCGATCGGCTGAAGTCTTGGCATTCATGAATTGACTTGATATGCAGGCCAGATCACCACCAAGGAGCTGGGCACTGTCATGCGCTCTCTGGGCCAAAACCCCTCTGAGTCGGAACTCCAGGACATGATTAACGAGGTTGACGCCGACAACAATGGCACCATTGACTTCCCTGGTACGAGACGGCTTCCGTACGATTCATAAATGAAATAGCTGTTAATGTTCAAATAGAGTTCCTTACGATGATGGCGAGAAAGATGAAGGATACCGACTCTGAGGAGGAGATCCGGGAGGCTTTCAAGGTTTTCGACCGCGATAACAACGGCTTCATCTCCGCTGCCGAATTGCGCCACGTTATGACCTCTA
MKZ07D,minisclerotigenes,0,1,1,1,1,0,TGTTAGTCGTCATGATTTGAACACAAGCTGACTTGGCTTTTCTTGGGTTTCCTATAGGACAAGGACGGTGATGGTTAGTACAGTTTATTTTATTCATTCTCCCTTCAAATGCGACCAATATGTTTTAGCCGCCATAATTTTATCCAGTTTCTGTTCGATCGGCTGAAGTCTTGGCATTCATGAATTGACTTGATATGCAGGCCAGATCACCACCAAGGAGCTGGGCACTGTCATGCGCTCTCTGGGCCAAAACCCCTCTGAGTCGGAACTCCAGGACATGATTAACGAGGTTGACGCCGACAACAATGGCACCATTGACTTCCCTGGTACGAGACGGCTTCCGTACGATTCATAAATGAAATAGCTGTTAATGTTCAAATAGAGTTCCTTACGATGATGGCGAGAAAGATGAAGGATACCGACTCTGAGGAGGAGATCCGGGAGGCTTTCAAGGTTTTCGACCGCGATAACAACGGCTTCATCTCCGCTGCCGAATTGCGCCA
MKZ10D,minisclerotigenes,0,1,1,1,1,0,GTTTTGTTAGTCGTCATGATTTGAACACAAGCTGACTTGGCTTTTCTTGGGTTTCCTATAGGACAAGGACGGTGATGGTTAGTACAGTTTATTTTATTCATTCTCCCTTCAAATGCGACCAATATGTTTTAGCCGCCATAATTTTATCCAGTTTCTGTTCGATCGGCTGAAGTCTTGGCATTCATGAATTGACTTGATATGCAGGCCAGATCACCACCAAGGAGCTGGGCACTGTCATGCGCTCTCTGGGCCAAAACCCCTCTGAGTCGGAACTCCAGGACATGATTAACGAGGTTGACGCCGACAACAATGGCACCATTGACTTCCCTGGTACGAGACGGCTTCCGTACGATTCATAAATGAAATAGCTGTTAATGTTCAAATAGAGTTCCTTACGATGATGGCGAGAAAGATGAAGGATACCGACTCTGAGGAGGAGATCCGGGAGGCTTTCAAGGTTTTCGACCGCGATAACAACGGCTTCATCTCCGCTGCCGAATTGCGCCACGT
MLV14D,minisclerotigenes,0,1,1,1,1,0,GTTTTGTTAGTCGTCATGATTTGAACACAAGCTGACTTGGCTTTTCTTGGGTTTCCTATAGGACAAGGACGGTGATGGTTAGTACAGTTTATTTTATTCATTCTCCCTTCAAATGCGACCAATATGTTTTAGCCGCCATAATTTTATCCAGTTTCTGTTCGATCGGCTGAAGTCTTGGCATTCATGAATTGACTTGATATGCAGGCCAGATCACCACCAAGGAGCTGGGCACTGTCATGCGCTCTCTGGGCCAAAACCCCTCTGAGTCGGAACTCCAGGACATGATTAACGAGGTTGACGCCGACAACAATGGCACCATTGACTTCCCTGGTACGAGACGGCTTCCGTACGATTCATAAATGAAATAGCTGTTAATGTTCAAATAGAGTTCCTTACGATGATGGCGAGAAAGATGAAGGATACCGACTCTGAGGAGGAGATCCGGGAGGCTTTCAAGGTTTTCGACCGCGATAACAACGGCTTCATCTCCGCTGCCGAATTGCGCCACGTTATG
MKZ06A,tubingensis,0,0,0,1,1,0,GATGTCCTATCTTAACCGGCTCATAATGCTAATGTATTTTCAAACTCAATAGGACAAGGATGGCGATGGTGGGTGGAATTCTGTCCCCTTCACGTTTTACCTGTAGCGCCCGATCCGACCGCGGGATTTCGACAGCTATTTCCCCCTTCGATCTGAATCATAATACTGATGTAATCTGGAAATAGGCCAGATCACCACCAAGGAGCTCGGCACTGTGATGCGCTCCCTCGGCCAGAACCCCTCCGAGTCTGAGCTTCAGGACATGATCAACGAGGTTGACGCTGACAACAACGGAACGATCGACTTCCCCGGTATGTGATAGATCTACGCCTGTAAGGCGGGAATGCCGTATGGGTTGTGATTGACTTTTGCCGCCAGAATTCCTTACCATGATGGCTCGCAAGATGAAGGACACCGACTCCGAGGAGGAAATCCGCGAGGCTTTCAAGGTCTTCGACCGCGACAACAATGGTTTCATCTCCGC
MML17A,krugeri,0,1,1,1,1,0,GTTTTTGTTAGTCGTCTTGATTTGAACACAAGCTGACTGGGCTTTTCTTGGGTTTCCTTTAGGACAAGGACGGTGATGGTTAGTACAGTTTATTTTATTCATTCACCCTTCAAATGCGACCAATATGTTTTAGCCGCCATAAGTTTATCCAGTTTCTGTTCGATCGGCTGAAGTCTTGGCATTGATGAATTGACTTGATATGCAGGCCAGATCACCACCAAGGAGTTGGGCACTGTCATGCGCTCTCTGGGCCAAAACCCCTCTGAGTCGGAACTCCAGGACATGATTAACGAGGTTGACGCCGACAACAATGGCACCATTGACTTCCCTGGTACGAGACGGCTTCCGTACGAGTCATAAATGAAATAGTCGTTAATTGTTTAAATAGAATTCCTTACGATGATGGCGAGAAAGATGAAGGATACCGACTCTGAGGAGGAAATCCGGGAGGCTTTCAAGGTTTTCGACCGCGATAACAACGGCTTCATCTCCGCTGCCGAATTGCGCCACGTTATGACCCTCTATCGG
EKZ06A,parasiticus,1,1,1,0,1,1,CCCTTAAAGTTATCGTCGTTCGCGAAATTGGGTTTTTGTTAGTCGTCTTGATTTGAACACAAGCTGACTTGGCTTTTCTTGGGTTTCCTATAGGACAAGGACGGTGATGGTTAGTACAGTTTATTTTATTCATTCTCCCTTCAAATGCGACCAATATCTTTTAGCCGCCATAAGTTTATCAAGTTTCTGTTCGATCGGCTGAAGTCTTGGCATTGATGAATTGACTTGATATGCAGGCCAGATCACCACCAAGGAGTTAGGCACTGTCATGCGCTCTCTGGGTCAAAACCCCTCTGAGTCGGAACTCCAGGACATGATTAACGAGGTTGACGCCGACAACAATGGCACCATTGACTTCCCTGGTACGAGACGGCTTCTGTACGATTCATAGATGAAATAGTTGTTAATCGTCCAAATAGAATTCCTTACGATGATGGCGAGAAAGATGAAGGATACCGACTCTGAGGAGGAGATCCGGGAGGCTTTCAAGGTTTTCGACCGCGATAACAACGGCTTCATCTCCGCTGCCGAATTGCGCCACGTCATGACCCTCCATCGGAAT
EKZ06B,parasiticus,1,1,1,0,0,1,CCCTTAAAGTTATCGTCGTTCGCGAAATTGGGTTTTTGTTAGTCGTCTTGATTTGAACACAAGCTGACTTGGCTTTTCTTGGGTTTCCTATAGGACAAGGACGGTGATGGTTAGTACAGTTTATTTTATTCATTCTCCCTTCAAATGCGACCAATATCTTTTAGCCGCCATAAGTTTATCAAGTTTCTGTTCGATCGGCTGAAGTCTTGGCATTGATGAATTGACTTGATATGCAGGCCAGATCACCACCAAGGAGTTAGGCACTGTCATGCGCTCTCTGGGTCAAAACCCCTCTGAGTCGGAACTCCAGGACATGATTAACGAGGTTGACGCCGACAACAATGGCACCATTGACTTCCCTGGTACGAGACGGCTTCTGTACGATTCATAGATGAAATAGTTGTTAATCGTCCAAATAGAATTCCTTACGATGATGGCGAGAAAGATGAAGGATACCGACTCTGAGGAGGAGATCCGGGAGGCTTTCAAGGTTTTCGACCGCGATAACAACGGCTTCATCTCCGCTGCCGAATTGCGCCACGTCATGACCCTCCATCGGAAT
EML18A,parasiticus,1,1,1,0,0,1,CCCTTAAAGTTATCGTCGTTCGCGAAATTGGTTTTTGTTAGTCGTCTTGATTTGAACACAAGCTGACTTGGCTTTTCTTGGGTTTCCTATAGGACAAGGACGGTGATGGTTAGTACAGTTTATTTTATTCATTCTCCCTTCAAATGCGACCAATATGTTTTAGCCGCCATAAGTTTATCAAGTTTCTGTTCGATCGGCTGAAGTCTTGGCATTGATGAATTGACTTGATATGCAGGCCAGATCACCACCAAGGAGTTGGGCACTGTCATGCGCTCTCTGGGTCAAAACCCCTCTGAGTCGGAACTCCAGGACATGATTAACGAGGTTGACGCCGACAACAATGGCACCATTGACTTCCCTGGTACGAGACGGCTTCCGTACGAATCATAAATGAAATAGTTGTTAATCGTCCAAATAGAATTCCTTACGATGATGGCGAGAAAGATGAAGGATACCGACTCTGAGGAGGAGATCCGGGAGGCTTTCAAGGTTTTCGACCGCGATAACAACGGCTTCATCTCCGCTGCCGAATTGCGCCACGTCATGACCCTCCATCGGAAGA
MKZ10A,transmontanensis,0,0,0,0,0,1,GTTTTTGTTAGTCATCTTGATTTGAACACAAGCTGACTTGGCTTTTCTTGGGTTTCCTATAGGACAAGGACGGTGATGGTTAGTACAGTTTATTTTATTCATTCTCCCTTCAAATGCGACCAATATGTTTTAGCCGCCATAAGTTTATCAAGTTTCTGTTCGATCGGCTGAAGTCTTGGCATTGATGAATTGACTTGATATGCAGGCCAGATCACCACCAAGGAGTTGGGCACTGTCATGCGCTCTCTGGGTCAAAACCCCTCTGAGTCGGAACTCCAGGACATGATTAACGAGGTTGACGCCGACAACAATGGCACCATTGACTTCCCTGGTACGAGACGGCTTCCGTACGAATCATAAATGAAATAGTTGTTAATCGTCCAAATAGAATTCCTTACGATGATGGCGAGAAAGATGAAGGATACCGACTCTGAGGAGGAGATCCGGGAGGCTTTCAAGGTTTTCGACCGCGATAACAACGGCTTCATCTCCGCTGCCGAATTGCGCCACGTTATGACCTCTATCGG
EKZ08A,parasiticus,1,1,1,0,1,1,CCCTTAAAGTTTCGTCGTTCGCGAAATTGGGTTTTTGTTAGTCGTCTTGATTTGAACACAAGCTGACTTGGCTTTTCTTGGGTTTCCTATAGGACAAGGACGGTGATGGTTAGTACAGTTTATTTTATTCATTCTCCCTTCAAATGCGACCAATATGTTTTGGCCGCCATAAGTTTACCAAGTTTCTGTTCGATCGGCTGAAGTCTTGGCATTGATGAATTGACTTGATATGCAGGCCAGATCACCACCAAGGAGTTGGGCACTGTCATGCGCTCTCTGGGTCAAAACCCCTCTGAGTCGGAACTCCAGGACATGATTAACGAGGTTGACGCCGACAACAATGGCACCATTGACTTCCCTGGTACGAGACGGCTTCGTACGATTCATAAATGAAATAGTTGTTAATCGTCCAAATAGAATTCCTTACGATGATGGCGAGAAAGATGAAGGATACCGACTCTGAGGAGGAGATCCGGGAGGCTTTCAAGGTTTTCGACCGCGATAACAACGGCTTCATCTCCGCTGCCGAATTGCGCCACGTCATGACCCTTCCATCCGGA
MML19B,parasiticus,0,1,1,0,1,1,GGTTTTTGTTAGTCGTCTTGATTTGAACACAAGCTGACTTGGCTTTTCTTGGGTTTCCTATAGGACAAGGACGGTGATGGTTAGTACAGTTTATTTTATTCATTCTCCCTTCAAATGCGACCAATATGTTTTGGCCGCCATAAGTTTATCAAGTTTCTGTTCGATCGGCTGAAGTCTTGGCATTGATGAATTGACTTGATATGCAGGCCAGATCACCACCAAGGAGTTGGGCACTGTCATGCGCTCTCTGGGTCAAAACCCCTCTGAGTCGGAACTCCAGGACATGATTAACGAGGTTGACGCCGACAACAATGGCACCATTGACTTCCCTGGTACGAGACGGCTTCGTACGATTCATAAATGAAATAGTTGTTAATCGTCCAAATAGAATTCCTTACGATGATGGCGAGAAAGATGAAGGATACCGACTCTGAGGAGGAGATCCGGGAGGCTTTCAAGGTTTTCGACCGCGATAACAACGGCTTCATCTCCGCTGCCGAATTGCGCCACGTTATGCCCTCTATCGG
EKA02A,parasiticus,1,1,1,0,1,1,CCCCTTAAAATTTCGTTGTTCGCGAAATTGGGTTTTTGTTAGTCGTCTTGATTTGAACACAAGCTGACTTGGCTTTTCTTGGGTTTCCTATAGAGACAAGGACGGTGATGGTTAGTACAGTTTATTTTATTCATTCTCCCTTCAAATGCGACCAATATGTTTTGGCCGCCATAAGTTTATCAAGTTTCTGTTCGATNGGCTGAAGTCTTNNCATTGATGAATTGACTTGATATGCAGGCCAGATCACCACCAAGGAGTTGGGCACTGTCATGCGCTCTNTGNNNNNNNNCCCCTCTGANTCGGAACTCCAGGACATGATTAACGAGGTTGACGCCGACAACAATGGCACCATTGACTTCCCTGGTACGAGACGGCTTCGTACGATTCATAAATGAAATAGTTGTTAATCGTCCAAATAGAATTCCTTACGATGATGGCGAGAAAGATGAAGGATACCGACTCTGAGGAGGAGATCCGGGAGGCTTTCAAGGTTTTCGACCGCGATAACAACGGCTTCATCTCCGCTGCCGAATTGCGCCACGTCATGACCTCCATCGGA
MLV14F,parasiticus,0,1,1,0,0,1,GTTTTTGTTAGTCGTCTTGATTTGAACACAAGCTGACTTGGCTTTTCTTGGGTTTCCTATAGGACAAGGACGGTGATGGTTAGTACAGTTTATTTTATTCATTCTCCCTTCAAATGCGACCAATATGTTTTGGCCGCCATAAGTTTATCAAGTTTCTGTTCGATCGGCTGAAGTCTTGGCATTGATGAATTGACTTGATATGCAGGCCAGATCACCACCAAGGAGTTGGGCACTGTCATGCGCTCTCTGGGTCAAAACCCCTCTGAGTCGGAACTCCAGGACATGATTAACGAGGTTGACGCCGACAACAATGGCACCATTGACTTCCCTGGTACGAGACGGCTTCGTACGATTCATAAATGAAATAGTTGTTAATCGTCCAAATAGAATTCCTTACGATGATGGCGAGAAAGATGAAGGATACCGACTCTGAGGAGGAGATCCGGGAGGCTTTCAAGGTTTTCGACCGCGATAACAACGGCTTCATCTCCGCTGCCGAATTGCGCCACGTTATGACCTCTATCGG
EKA03A,parasiticus,1,1,1,0,1,1,CCCCTTATGTTTCGTCGTTCGCGAAATTGGGTTTTTGTTAGTCGTCTTGATTTGAACACAAGCTGACTTGGCTTTTCTTGGGTTTCCTATAGGACAAGGACGGTGATGGTTAGTACAGTTTATTTTATTCATTCTCCCTTCAAATGCGACCAATATGTTTTGGCCGCCATAAGTTTATCAAGTTTCTGTTCGATCGGCTGAAGTCTTGGCATTGATGAATTGACTTGATATGCAGGCCAGATCACCACCAAGGAGTTGGGCACTGTCATGCGCTCTCTGGGTCAAAACCCCTCTGAGTCGGAACTCCAGGACATGATTAACGAGGTTGACGCCGACAACAATGGCACCATTGACTTCCCTGGTACGAGACGGCTTCGTACGATTCATAAATGAAATAGTTGTTAATCGTCCAAATAGAATTCCTTACGATGATGGCGAGAAAGATGAAGGATACCGACTCTGAGGAGGAGATCCGGGAGGCTTTCAAGGTTTTCGACCGCGATAACAACGGCTTCATCTCCGCTGCCGAATTGCGCCACGTCATAACTTTCAATCGGA
EKA03B,parasiticus,1,1,1,0,1,1,ACCCTTAAAGTTTCGTCGTTCGCGAAATTGGGTTTTTGTTAGTCGTCTTGATTTGAACACAAGCTGACTTGGCTTTTCTTGGGTTTCCTATAGGACAAGGACGGTGATGGTTAGTACAGTTTATTTTATTCATTCTCCCTTCAAATGCGACCAATATGTTTTGGCCGCCATAAGTTTATCAAGTTTCTGTTCGATCGGCTGAAGTCTTGGCATTGATGAATTGACTTGATATGCAGGCCAGATCACCACCAAGGAGTTGGGCACTGTCATGCGCTCTCTGGGTCAAAACCCCTCTGAGTCGGAACTCCAGGACATGATTAACGAGGTTGACGCCGACAACAATGGCACCATTGACTTCCCTGGTACGAGACGGCTTCGTACGATTCATAAATGAAATAGTTGTTAATCGTCCAAATAGAATTCCTTACGATGATGGCGAGAAAGATGAAGGATACCGACTCTGAGGAGGAGATCCGGGAGGCTTTCAAGGTTTTCGACCGCGATAACAACGGCTTCATCTCCGCTGCCGAATTGCGCCACGTCATGACCTCCATCGGA
EKA04V,parasiticus,1,1,1,0,1,1,CCCTTAAAGTTATCGTCGTTCGCGAAATTGGGTTTTTGTTAGTCGTCTTGATTTGAACACAAGCTGACTTGGCTTTTCTTGGGTTTCCTATAGGACAAGGACGGTGATGGTTAGTACAGTTTATTTTATTCATTCTCCCTTCAAATGCGACCAATATGTTTTGGCCGCCATAAGTTTATCAAGTTTCTGTTCGATCGGCTGAAGTCTTGGCATTGATGAATTGACTTGATATGCAGGCCAGATCACCACCAAGGAGTTGGGCACTGTCATGCGCTCTCTGGGTCAAAACCCCTCTGAGTCGGAACTCCAGGACATGATTAACGAGGTTGACGCCGACAACAATGGCACCATTGACTTCCCTGGTACGAGACGGCTTCGTACGATTCATAAATGAAATAGTTGTTAATCGTCCAAATAGAATTCCTTACGATGATGGCGAGAAAGATGAAGGATACCGACTCTGAGGAGGAGATCCGGGAGGCTTTCAAGGTTTTCGACCGCGATAACAACGGCTTCATCTCCGCTGCCGAATTGCGCCACGTCATGACCCTTCCATCCGGA
EKZ07C,parasiticus,1,1,1,0,0,1,AGCGCCTTATGTATCGGTCGTTCGCGAAATTGGGTTTTTGTTAGTCGTCTTGATTTGAACACAAGCTGACTTGGCTTTTCTTGGGTTTCCTATAGGACAAGGACGGTGATGGTTAGTACAGTTTATTTTATTCATTCTCCCTTCAAATGCGACCAATATGTTTTGGCCGCCATAAGTTTATCAAGTTTCTGTTCGATCGGCTGAAGTCTTGGCATTGATGAATTGACTTGATATGCAGGCCAGATCACCACCAAGGAGTTGGGCACTGTCATGCGCTCTCTGGGTCAAAACCCCTCTGAGTCGGAACTCCAGGACATGATTAACGAGGTTGACGCCGACAACAATGGCACCATTGACTTCCCTGGTACGAGACGGCTTCGTACGATTCATAAATGAAATAGTTGTTAATCGTCCAAATAGAATTCCTTACGATGATGGCGAGAAAGATGAAGGATACCGACTCTGAGGAGGAGATCCGGGAGGCTTTCAAGGTTTTCGACCGCGATAACAACGGCTTCATCTCCGCTGCCGAATTGCGCCACGTCATGACCTCCATCGGA
EKZ07D,parasiticus,1,1,1,0,0,1,CCCCTTAAAGTTATCGTCGTTCGCGAAATTGGGTTTTTGTTAGTCGTCTTGATTTGAACACAAGCTGACTTGGCTTTTCTTGGGTTTCCTATAGGACAAGGACGGTGATGGTTAGTACAGTTTATTTTATTCATTCTCCCTTCAAATGCGACCAATATGTTTTGGCCGCCATAAGTTTATCAAGTTTCTGTTCGATCGGCTGAAGTCTTGGCATTGATGAATTGACTTGATATGCAGGCCAGATCACCACCAAGGAGTTGGGCACTGTCATGCGCTCTCTGGGTCAAAACCCCTCTGAGTCGGAACTCCAGGACATGATTAACGAGGTTGACGCCGACAACAATGGCACCATTGACTTCCCTGGTACGAGACGGCTTCGTACGATTCATAAATGAAATAGTTGTTAATCGTCCAAATAGAATTCCTTACGATGATGGCGAGAAAGATGAAGGATACCGACTCTGAGGAGGAGATCCGGGAGGCTTTCAAGGTTTTCGACCGCGATAACAACGGCTTCATCTCCGCTGCCGAATTGCGCCACGTCATGACCTCCATCGGA
EKZ08B,parasiticus,1,1,1,0,0,1,CCCCTTAAAGTTATCGTCGTTCGCGAAATTGGGTTTTTGTTAGTCGTCTTGATTTGAACACAAGCTGACTTGGCTTTTCTTGGGTTTCCTATAGGACAAGGACGGTGATGGTTAGTACAGTTTATTTTATTCATTCTCCCTTCAAATGCGACCAATATGTTTTGGCCGCCATAAGTTTATCAAGTTTCTGTTCGATCGGCTGAAGTCTTGGCATTGATGAATTGACTTGATATGCAGGCCAGATCACCACCAAGGAGTTGGGCACTGTCATGCGCTCTCTGGGTCAAAACCCCTCTGAGTCGGAACTCCAGGACATGATTAACGAGGTTGACGCCGACAACAATGGCACCATTGACTTCCCTGGTACGAGACGGCTTCGTACGATTCATAAATGAAATAGTTGTTAATCGTCCAAATAGAATTCCTTACGATGATGGCGAGAAAGATGAAGGATACCGACTCTGAGGAGGAGATCCGGGAGGCTTTCAAGGTTTTCGACCGCGATAACAACGGCTTCATCTCCGCTGCCGAATTGCGCCACGTCATGACCCTTCCATCGGA
EKZ10A,parasiticus,1,1,1,0,1,1,CCCGGCTTATGTTTCGTCGTTCGCGAAATTGGGTTTTTGTTAGTCGTCTTGATTTGAACACAAGCTGACTTGGCTTTTCTTGGGTTTCCTATAGGACAAGGACGGTGATGGTTAGTACAGTTTATTTTATTCATTCTCCCTTCAAATGCGACCAATATGTTTTGGCCGCCATAAGTTTATCAAGTTTCTGTTCGATCGGCTGAAGTCTTGGCATTGATGAATTGACTTGATATGCAGGCCAGATCACCACCAAGGAGTTGGGCACTGTCATGCGCTCTCTGGGTCAAAACCCCTCTGAGTCGGAACTCCAGGACATGATTAACGAGGTTGACGCCGACAACAATGGCACCATTGACTTCCCTGGTACGAGACGGCTTCGTACGATTCATAAATGAAATAGTTGTTAATCGTCCAAATAGAATTCCTTACGATGATGGCGAGAAAGATGAAGGATACCGACTCTGAGGAGGAGATCCGGGAGGCTTTCAAGGTTTTCGACCGCGATAACAACGGCTTCATCTCCGCTGCCGAATTGCGCCACGTCATGACCTCCATCGGAATTT
ELV13A,parasiticus,1,1,1,0,0,1,CCCCTTAAAGTTTCGTCGTTCGCGAAATTGGGTTTTTGTTAGTCGTCTTGATTTGAACACAAGCTGACTTGGCTTTTCTTGGGTTTCCTATAGGACAAGGACGGTGATGGTTAGTACAGTTTATTTTATTCATTCTCCCTTCAAATGCGACCAATATGTTTTGGCCGCCATAAGTTTATCAAGTTTCTGTTCGATCGGCTGAAGTCTTGGCATTGATGAATTGACTTGATATGCAGGCCAGATCACCACCAAGGAGTTGGGCACTGTCATGCGCTCTCTGGGTCAAAACCCCTCTGAGTCGGAACTCCAGGACATGATTAACGAGGTTGACGCCGACAACAATGGCACCATTGACTTCCCTGGTACGAGACGGCTTCGTACGATTCATAAATGAAATAGTTGTTAATCGTCCAAATAGAATTCCTTACGATGATGGCGAGAAAGATGAAGGATACCGACTCTGAGGAGGAGATCCGGGAGGCTTTCAAGGTTTTCGACCGCGATAACAACGGCTTCATCTCCGCTGCCGAATTGCGCCACGTCATGACCCTCCATCGGA
ELV15A,parasiticus,1,1,1,0,0,1,GAAGGGGCTTGGGTTTCGGTCGTTCGCGAAATTGGGTTTTTGTTAGTCGTCTTGATTTGAACACAAGCTGACTTGGCTTTTCTTGGGTTTCCTATAGGACAAGGACGGTGATGGTTAGTACAGTTTATTTTATTCATTCTCCCTTCAAATGCGACCAATATGTTTTGGCCGCCATAAGTTTATCAAGTTTCTGTTCGATCGGCTGAAGTCTTGGCATTGATGAATTGACTTGATATGCAGGCCAGATCACCACCAAGGAGTTGGGCACTGTCATGCGCTCTCTGGGTCAAAACCCCTCTGAGTCGGAACTCCAGGACATGATTAACGAGGTTGACGCCGACAACAATGGCACCATTGACTTCCCTGGTACGAGACGGCTTCGTACGATTCATAAATGAAATAGTTGTTAATCGTCCAAATAGAATTCCTTACGATGATGGCGAGAAAGATGAAGGATACCGACTCTGAGGAGGAGATCCGGGAGGCTTTCAAGGTTTTCGACCGCGATAACAACGGCTTCATCTCCGCTGCCGAATTGCGCCACGTCATGACCTCCATCGGAC
EML16A,parasiticus,1,1,1,0,1,1,CCCTTAAAGTTATCGTCGTTCGCGAAAATGGGTTTTTGTTAGTCGTCTTGATTTGAACACAAGCTGACTTGGCTTTTCTTGGGTTTCCTATAGGACAAGGACGGTGATGGTTAGTACAGTTTATTTTATTCATTCTCCCTTCAAATGCGACCAATATGTTTTGGCCGCCATAAGTTTATCAAGTTTCTGTTCGATCGGCTGAAGTCTTGGCATTGATGAATTGACTTGATATGCAGGCCAGATCACCACCAAGGAGTTGGGCACTGTCATGCGCTCTCTGGGTCAAAACCCCTCTGAGTCGGAACTCCAGGACATGATTAACGAGGTTGACGCCGACAACAATGGCACCATTGACTTCCCTGGTACGAGACGGCTTCGTACGATTCATAAATGAAATAGTTGTTAATCGTCCAAATAGAATTCCTTACGATGATGGCGAGAAAGATGAAGGATACCGACTCTGAGGAGGAGATCCGGGAGGCTTTCAAGGTTTTCGACCGCGATAACAACGGCTTCATCTCCGCTGCCGAATTGCGCCACGTCATGACCTCCATCGGAA
EML19A,parasiticus,1,1,1,0,0,1,CCCCTTAAAGTTATCGTCGTTCGCGAAATTGGGTTTTTGTTAGTCGTCTTGATTTGAACACAAGCTGACTTGGCTTTTCTTGGGTTTCCTATAGGACAAGGACGGTGATGGTTAGTACAGTTTATTTTATTCATTCTCCCTTCAAATGCGACCAATATGTTTTGGCCGCCATAAGTTTATCAAGTTTCTGTTCGATCGGCTGAAGTCTTGGCATTGATGAATTGACTTGATATGCAGGCCAGATCACCACCAAGGAGTTGGGCACTGTCATGCGCTCTCTGGGTCAAAACCCCTCTGAGTCGGAACTCCAGGACATGATTAACGAGGTTGACGCCGACAACAATGGCACCATTGACTTCCCTGGTACGAGACGGCTTCGTACGATTCATAAATGAAATAGTTGTTAATCGTCCAAATAGAATTCCTTACGATGATGGCGAGAAAGATGAAGGATACCGACTCTGAGGAGGAGATCCGGGAGGCTTTCAAGGTTTTCGACCGCGATAACAACGGCTTCATCTCCGCTGCCGAATTGCGCCACGTCATGACCTCCATCGGAAG
MKZ09F,parasiticus,0,1,1,0,1,1,GTTTTTGTTAGTCGTCTTGATTTGAACACAAGCTGACTTGGCTTTTCTTGGGTTTCCTATAGGACAAGGACGGTGATGGTTAGTACAGTTTATTTTATTCATTCTCCCTTCAAATGCGACCAATATGTTTTGGCCGCCATAAGTTTATCAAGTTTCTGTTCGATCGGCTGAAGTCTTGGCATTGATGAATTGACTTGATATGCAGGCCAGATCACCACCAAGGAGTTGGGCACTGTCATGCGCTCTCTGGGTCAAAACCCCTCTGAGTCGGAACTCCAGGACATGATTAACGAGGTTGACGCCGACAACAATGGCACCATTGACTTCCCTGGTACGAGACGGCTTCGTACGATTCATAAATGAAATAGTTGTTAATCGTCCAAATAGAATTCCTTACGATGATGGCGAGAAAGATGAAGGATACCGACTCTGAGGAGGAGATCCGGGAGGCTTTCAAGGTTTTCGACCGCGATAACAACGGCTTCATCTCCGCTGCCGAATTGCGCCACGTTATGACCTCTATCGG
MLV12A,parasiticus,0,1,1,0,0,1,TTTTGTTAGTCGTCTTGATTTGAACACAAGCTGACTTGGCTTTTCTTGGGTTTCCTATAGGACAAGGACGGTGATGGTTAGTACAGTTTATTTTATTCATTCTCCCTTCAAATGCGACCAATATGTTTTGGCCGCCATAAGTTTATCAAGTTTCTGTTCGATCGGCTGAAGTCTTGGCATTGATGAATTGACTTGATATGCAGGCCAGATCACCACCAAGGAGTTGGGCACTGTCATGCGCTCTCTGGGTCAAAACCCCTCTGAGTCGGAACTCCAGGACATGATTAACGAGGTTGACGCCGACAACAATGGCACCATTGACTTCCCTGGTACGAGACGGCTTCGTACGATTCATAAATGAAATAGTTGTTAATCGTCCAAATAGAATTCCTTACGATGATGGCGAGAAAGATGAAGGATACCGACTCTGAGGAGGAGATCCGGGAGGCTTTCAAGGTTTTCGACCGCGATAACAACGGCTTCATCTCCGCTGCCGAATTGCGCCACGTTATG
MKZ10B,parasiticus,0,1,1,0,0,1,GTTTTTGTTAGTCGTCTTGATTTGAACACAAGCTGACTTGGCTTTTCTTGGGTTTCCTATAGGACAAGGACGGTGATGGTTAGTACAGTTTATTTTATTCATTCTCCCTTCAAATGCGACCAATATGTTTTGGCCGCCATAAGTTTATCAAGTTTCTGTTCGATCGGCTGAAGTCTTGGCATTGATGAATTGACTTGATATGCAGGCCAGATCACCACCAAGGAGTTGGGCACTGTCATGCGCTCTCTGGGTCAAAACCCCTCTGAGTCGGAACTCCAGGACATGATTAACGAGGTTGACGCCGACAACAATGGCACCATTGACTTCCCTGGTACGAGACGGCTTCGTACGATTCATAAATGAAATAGTTGTTAATCGTCCAAATAGAATTCCTTACGATGATGGCGAGAAAGATGAAGGATACCGACTCTGAGGAGGAGATCCGGGAGGCTTTCAAGGTTTTCGACCGCGATAACAACGGCTTCATCTCCGCTGCCGAATTG
EKA05A,sojae,1,1,1,0,0,1,CCCGAAACTTAGGAAAAGCAACAAGATACCACATATAGAAAGGCCGATGCAATGAGAGCGTTGGCCCCGAATATGGGCAGCTATCTTAATGATGGAGACAGACACAATCCATGGTGGCAAACGGACTTCTTCGGTGATAATTATCCTCGACTAAGGGCCATTAAGGATGAATATGACCCGGATCATGTGTTCTACTGCCCTACCTGCGTTGGGAGTGAGGAGTGGAGGGAATTCCCGATCGAGGGTAAGGTGTATGGCTCTTTGTGTCGGGCTTGAAGATGCTGGAGTGTTCTCGTTGTACATTGCCGTTGGGAACTACTTGTGGGCCGGGGGTGGTAAATGTATATCTCGTTGTACTTATGTGAGCTAGACTTTCGTGACGAGCACGGTACAGTGGCTTCTATTGAACTTCCATTTACCAGAAGGTGTAACTTTTCAATACGGACAAACGTTCAGCTATAATGTGTAAACAAACGCCATTCGCACCAGCGAATGCTCTCATTGAGTATTTGAGAAGTGTTACTCATAGTACAGTATATACAGCGTTATTATACAGGCATCTTCTGCATACCGTCCAGCTCATGATGCAGAAAAAGGT
MLV14E,parasiticus,0,1,1,0,0,1,GTTTTTGTTAGTCGTCTTGATTTGAACACAAGCTGACTTGGCTTTTCTTGGGTTTCCTATAGGACAAGGACGGTGATGGTTAGTACAGTTTATTTTATTCATTCTCCCTTCAAATGCGACCAATATGTTTTGGCCGCCATAAGTTTATCAAGTTTCTGTTCGATCGGCTGAAGTCTTGGCATTGATGAATTGACTTGATATGCAGGCCAGATCACCACCAAGGAGTTGGGCACTGTCATGCGCTCTCTGGGTCAAAACCCCTCTGAGTCGGAACTCCAGGACATGATTAACGAGGTTGACGCCGACAACAATGGCACCATTGACTTCCCTGGTACGAGACGGCTTCGTACGATCCATAAATGAAATAGTTGTTAATCGTCCAAATAGAATTCCTTACGATGATGGCGAGAAAGATGAAGGATACCGACTCTGAGGAGGAGATCCGGGAGGCTTTCAAGGTTTTCGACCGCGATAACAACGGCTTCATCTCCGCTGCCGAATTGCGCCACGTTATGACCTCTATCGG
MLV13A,parasiticus,0,1,1,0,0,1,GTTTTTGTTAGTCGTCTTGATTTGAACACAAGCTGACTTGGCTTTTCTTGGGTTTCCTATAGGACAAGGACGGTGATGGTTAGTACAGTTTATTTTATTCATTCTCCCTTCAAATGCGACCAATATGTTTTGGCCGCCATAAGTTTATCAAGCTTCTGTTCGATCGGCTGAAGTCTTGGCATTGATGAATTGACTTGATATGCAGGCCAGATCACCACCAAGGAGTTGGGCACTGTCATGCGCTCTCTGGGTCAAAACCCCTCTGAGTCGGAACTCCAGGACATGATTAACGAGGTTGACGCCGACAACAATGGCACCATTGACTTCCCTGGTACGAGACGGCTTCGTACGATCCATAAATGAAATAGTTGTTAATCGTCCAAATAGAATTCCTTACGATGATGGCGAGAAAGATGAAGGATACCGACTCTGAGGAGGAGATCCGGGAGGCTTTCAAGGTTTTCGACCGCGATAACAACGGCTTCATCTCCGCTGCCGAATTGCGCCACGTTATGACCTCTATCGG
EKA05B,parasiticus,1,1,1,0,1,1,CAACCTTAATGTTATCGTCGTTCGCGAAATTGGTTTTTGTTAGTCGTCTTGATTTGAACACAAGCTGACTTGGCTTTTCTTGGGTTTCCTATAGGACAAGGACGGTGATGGTTAGTACAGTTTATTTTATTCATTCTCCCTTCAAATGCGACCAATATGTTTTGGCCGCCATAAGTTTATCAAGTTTCTGTTCGATCGGCTGAAGTCTTGGCATTGATGAATTGACTTGATATGCAGGCCAGATCACCACCAAGGAGTTGGGCACTGTCATGCGCTCTCTGGGTCAAAACCCCTCTGAGTCGGAACTCCAGGACATGATTAACGAGGTTGACGCCGACAACAATGGCACCATTGACTTCCCTGGTACGAGACGGCTTCGTACGATCCATAAATGAAATAGTTGTTAATCGTCCAAATAGAATTCCTTACGATGATGGCGAGAAAGATGAAGGATACCGACTCTGAGGAGGAGATCCGGGAGGCTTTCAAGGTTTTCGACCGCGATAACAACGGCTTCATCTCCGCTGCCGAATTGCGCCACGTCATGACCTCCATCGGAA
EKZ07A,parasiticus,1,1,0,0,1,1,CCCCTTATGTTATCGTCGTTCGCGAAATTGGGTTTTTGTTAGTCGTCTTGATTTGAACACAAGCTGACTTGGCTTTTCTTGGGTTTCCTATAGGACAAGGACGGTGATGGTTAGTACAGTTTATTTTATTCATTCTCCCTTCAAATGCGACCAATATGTTTTGGCCGCCATAAGTTTATCAAGTTTCTGTTCGATCGGCTGAAGTCTTGGCATTGATGAATTGACTTGATATGCAGGCCAGATCACCACCAAGGAGTTGGGCACTGTCATGCGCTCTCTGGGTCAAAACCCCTCTGAGTCGGAACTCCAGGACATGATTAACGAGGTTGACGCCGACAACAATGGCACCATTGACTTCCCTGGTACGAGACGGCTTCGTACGATCCATAAATGAAATAGTTGTTAATCGTCCAAATAGAATTCCTTACGATGATGGCGAGAAAGATGAAGGATACCGACTCTGAGGAGGAGATCCGGGAGGCTTTCAAGGTTTTCGACCGCGATAACAACGGCTTCATCTCCGCTGCCGAATTGCGCCACGTCATGACCTTTCCAATCGGAA
EKZ10B,parasiticus,1,1,1,0,1,1,CCCTTAATGTTTCGTCGTTCGCGAAATTGGGTTTTTGTTAGTCGTCTTGATTTGAACACAAGCTGACTTGGCTTTTCTTGGGTTTCCTATAGGACAAGGACGGTGATGGTTAGTACAGTTTATTTTATTCATTCTCCCTTCAAATGCGACCAATATGTTTTGGCCGCCATAAGTTTATCAAGTTTCTGTTCGATCGGCTGAAGTCTTGGCATTGATGAATTGACTTGATATGCAGGCCAGATCACCACCAAGGAGTTGGGCACTGTCATGCGCTCTCTGGGTCAAAACCCCTCTGAGTCGGAACTCCAGGACATGATTAACGAGGTTGACGCCGACAACAATGGCACCATTGACTTCCCTGGTACGAGACGGCTTCGTACGATCCATAAATGAAATAGTTGTTAATCGTCCAAATAGAATTCCTTACGATGATGGCGAGAAAGATGAAGGATACCGACTCTGAGGAGGAGATCCGGGAGGCTTTCAAGGTTTTCGACCGCGATAACAACGGCTTCATCTCCGCTGCCGAATTGCGCCACGTCATGACCTCCATCGGA
ELV12A,parasiticus,1,1,1,0,0,1,AAACCGGGGGCTTTAATTGTTTCGTCGTTCGCGAAATTGGGTTTTTGTTAGTCGTCTTGATTTGAACACAAGCTGACTTGGCTTTTCTTGGGTTTCCTATAGGACAAGGACGGTGATGGTTAGTACAGTTTATTTTATTCATTCTCCCTTCAAATGCGACCAATATGTTTTGGCCGCCATAAGTTTATCAAGTTTCTGTTCGATCGGCTGAAGTCTTGGCATTGATGAATTGACTTGATATGCAGGCCAGATCACCACCAAGGAGTTGGGCACTGTCATGCGCTCTCTGGGTCAAAACCCCTCTGAGTCGGAACTCCAGGACATGATTAACGAGGTTGACGCCGACAACAATGGCACCATTGACTTCCCTGGTACGAGACGGCTTCGTACGATCCATAAATGAAATAGTTGTTAATCGTCCAAATAGAATTCCTTACGATGATGGCGAGAAAGATGAAGGATACCGACTCTGAGGAGGAGATCCGGGAGGCTTTCAAGGTTTTCGACCGCGATAACAACGGCTTCATCTCCGCTGCCGAATTGCGCCACGTCATGACCTCCATCGGAAA
ELV13B,parasiticus,1,1,1,0,1,1,CCCCTTAAAGTTATCGTCGTTCGCGAAATTGGTTTTTGTTAGTCGTCTTGATTTGAACACAAGCTGACTTGGCTTTTCTTGGGTTTCCTATAGGACAAGGACGGTGATGGTTAGTACAGTTTATTTTATTCATTCTCCCTTCAAATGCGACCAATATGTTTTGGCCGCCATAAGTTTATCAAGTTTCTGTTCGATCGGCTGAAGTCTTGGCATTGATGAATTGACTTGATATGCAGGCCAGATCACCACCAAGGAGTTGGGCACTGTCATGCGCTCTCTGGGTCAAAACCCCTCTGAGTCGGAACTCCAGGACATGATTAACGAGGTTGACGCCGACAACAATGGCACCATTGACTTCCCTGGTACGAGACGGCTTCGTACGATCCATAAATGAAATAGTTGTTAATCGTCCAAATAGAATTCCTTACGATGATGGCGAGAAAGATGAAGGATACCGACTCTGAGGAGGAGATCCGGGAGGCTTTCAAGGTTTTCGACCGCGATAACAACGGCTTCATCTCCGCTGCCGAATTGCGCCACGTCATGACCCTTCCATCGGAA
ELV14B,parasiticus,1,1,1,0,0,1,ACCCCTTAAGTTTCGTCGTTCGCGAAATTGGGTTTTTGTTAGTCGTCTTGATTTGAACACAAGCTGACTTGGCTTTTCTTGGGTTTCCTATAGGACAAGGACGGTGATGGTTAGTACAGTTTATTTTATTCATTCTCCCTTCAAATGCGACCAATATGTTTTGGCCGCCATAAGTTTATCAAGTTTCTGTTCGATCGGCTGAAGTCTTGGCATTGATGAATTGACTTGATATGCAGGCCAGATCACCACCAAGGAGTTGGGCACTGTCATGCGCTCTCTGGGTCAAAACCCCTCTGAGTCGGAACTCCAGGACATGATTAACGAGGTTGACGCCGACAACAATGGCACCATTGACTTCCCTGGTACGAGACGGCTTCGTACGATCCATAAATGAAATAGTTGTTAATCGTCCAAATAGAATTCCTTACGATGATGGCGAGAAAGATGAAGGATACCGACTCTGAGGAGGAGATCCGGGAGGCTTTCAAGGTTTTCGACCGCGATAACAACGGCTTCATCTCCGCTGCCGAATTGCGCCACGTCATGACCCTCCATCGGA
MKA01H,parasiticus,0,1,0,0,1,1,TCTTGATTTGAACACAAGCTGACTTGGCTTTTCTTGGGTTTCCTATAGGACAAGGACGGTGATGGTTAGTACAGTTTATTTTATTCATTCTCCCTTCAAATGCGACCAATATGTTTTGGCCGCCATAAGTTTATCAAGTTTCTGTTCGATCGGCTGAAGTCTTGGCATTGATGAATTGACTTGATATGCAGGCCAGATCACCACCAAGGAGTTGGGCACTGTCATGCGCTCTCTGGGTCAAAACCCCTCTGAGTCGGAACTCCAGGACATGATTAACGAGGTTGACGCCGACAACAATGGCACCATTGACTTCCCTGGTACGAGACGGCTTCGTACGATCCATAAATGAAATAGTTGTTAATCGTCCAAATAGAATTCCTTACGATGATGGCGAGAAAGATGAAGGATACCGACTCTGAGGAGGAGATCCGGGAGGCTTTCAAGGTTTTCGACCGCGATAACAACGGCTTCATCTCCGCTGCC
MKA01A,parasiticus,0,1,1,0,1,1,CCTATAGGACAAGGACGGTGATGGTTAGTACAGTTTATTTTATTCATTCTCCCTTCAAATGCGACCAATATGTTTTGGCCGCCATAAGTTTATCAAGTTTCTGTTCGATCGGCTGAAGTCTTGGCATTGATGAATTGACTTGATATGCAGGCCAGATCACCACCAAGGAGTTGGGCACTGTCATGCGCTCTCTGGGTCAAAACCCCTCTGAGTCGGAACTCC
EKA04B,flavus,1,1,0,1,1,1,GATGACTGTACAGGGAACAAGAGCTGGGAAGTGTACGTAACACCTGCGCTGCCATTGCGCATATTTACAGAACGAACTGTGCCACTCTTTTTGGCAGGGTCGAACTGCGCCGGCTTGCCTCGGGCAAGTGACCTCGGCAAGCGGGTCCGTATAATATACTCCCACCTCCATGACGCCAACGCGGAGAGGCGGGAAAAGAATCGCTTATCTGAGGTGACCCTCTCGGGTGCGTTAGCCTCACATAGGCTAGGGCCATTTTCTGCGACATAAGGTCCACGAAAGTAGCGCGAAAATGCTATTCTCCAGGCATGGGGAGTTGTGACGAGGGTGTGAAACCGGCGCGACACCAATGCCATAGATGACAGTGCTGGTGGTGGCAGGTGCAAGAGGATGTGCGTTAAAACCTCTGCCTGTCCATAGTGTTAGACGGGTGATTGACGAGAAAGGTTACCAACGACGACATACCATTGGGAAATG
